{
    "n_estimators": 524,
    "max_depth": 5,
    "learning_rate": 0.2821246721729419,
    "gamma": 0.547952157367115
}