{
    "n_estimators": 223,
    "max_depth": 9,
    "learning_rate": 0.11129238611631893,
    "gamma": 0.9194247988585423
}