{
    "n_estimators": 442,
    "max_depth": 2,
    "learning_rate": 0.44116914528862666,
    "gamma": 0.2813455973723024
}