{
    "n_estimators": 85,
    "max_depth": 4,
    "learning_rate": 0.0917204098008375,
    "gamma": 0.8797734946773325
}