{
    "n_estimators": 979,
    "max_depth": 6,
    "learning_rate": 0.2555490271933696,
    "gamma": 0.08133062202616392
}