{
    "n_estimators": 290,
    "max_depth": 10,
    "learning_rate": 0.17354928230022848,
    "gamma": 0.2266130502116297
}