{
    "n_estimators": 893,
    "max_depth": 4,
    "learning_rate": 0.4124022702983376,
    "gamma": 0.0512796594679974
}