{
    "n_estimators": 894,
    "max_depth": 9,
    "learning_rate": 0.07153680212727977,
    "gamma": 0.2151704493568049
}