{
    "n_estimators": 143,
    "max_depth": 3,
    "learning_rate": 0.21506900845012172,
    "gamma": 0.2556201567294235
}