{
    "n_estimators": 569,
    "max_depth": 10,
    "learning_rate": 0.044807668516964605,
    "gamma": 0.09625800670452529
}