{
    "n_estimators": 418,
    "max_depth": 6,
    "learning_rate": 0.07878959991166454,
    "gamma": 0.20612047419403
}