{
    "n_estimators": 421,
    "max_depth": 4,
    "learning_rate": 0.11027783067854283,
    "gamma": 0.6230782566871571
}