{
    "n_estimators": 699,
    "max_depth": 3,
    "learning_rate": 0.48837448284035845,
    "gamma": 0.016167952652543963
}