{
    "accuracy": 0.5825,
    "precision": 0.5690376569037657,
    "recall": 0.68,
    "f1": 0.6195899772209568,
    "roc_auc": 0.5825,
    "TP": 272,
    "TN": 194,
    "FP": 206,
    "FN": 128
}