{
    "accuracy": 0.56375,
    "precision": 0.5411954765751211,
    "recall": 0.8375,
    "f1": 0.6575073601570167,
    "roc_auc": 0.56375,
    "TP": 335,
    "TN": 116,
    "FP": 284,
    "FN": 65
}