{
    "accuracy": 0.55625,
    "precision": 0.5358851674641149,
    "recall": 0.84,
    "f1": 0.6543330087633885,
    "roc_auc": 0.5562499999999999,
    "TP": 336,
    "TN": 109,
    "FP": 291,
    "FN": 64
}