{
    "accuracy": 0.78125,
    "precision": 0.7710843373493976,
    "recall": 0.8,
    "f1": 0.7852760736196319,
    "roc_auc": 0.78125,
    "TP": 320,
    "TN": 305,
    "FP": 95,
    "FN": 80
}