{
    "accuracy": 0.77625,
    "precision": 0.7714987714987716,
    "recall": 0.785,
    "f1": 0.7781908302354399,
    "roc_auc": 0.7762500000000001,
    "TP": 314,
    "TN": 307,
    "FP": 93,
    "FN": 86
}