{
    "accuracy": 0.785,
    "precision": 0.7727272727272727,
    "recall": 0.8075,
    "f1": 0.7897310513447433,
    "roc_auc": 0.785,
    "TP": 323,
    "TN": 305,
    "FP": 95,
    "FN": 77
}