{
    "accuracy": 0.79375,
    "precision": 0.7804295942720764,
    "recall": 0.8175,
    "f1": 0.7985347985347986,
    "roc_auc": 0.79375,
    "TP": 327,
    "TN": 308,
    "FP": 92,
    "FN": 73
}