{
    "accuracy": 0.58,
    "precision": 0.5683760683760684,
    "recall": 0.665,
    "f1": 0.6129032258064516,
    "roc_auc": 0.5800000000000001,
    "TP": 266,
    "TN": 198,
    "FP": 202,
    "FN": 134
}