{
    "accuracy": 0.59125,
    "precision": 0.5669724770642202,
    "recall": 0.7725,
    "f1": 0.653968253968254,
    "roc_auc": 0.59125,
    "TP": 309,
    "TN": 164,
    "FP": 236,
    "FN": 91
}