{
    "accuracy": 0.6,
    "precision": 0.5826446280991735,
    "recall": 0.705,
    "f1": 0.6380090497737556,
    "roc_auc": 0.6,
    "TP": 282,
    "TN": 198,
    "FP": 202,
    "FN": 118
}