{
    "accuracy": 0.795,
    "precision": 0.7935323383084577,
    "recall": 0.7975,
    "f1": 0.7955112219451371,
    "roc_auc": 0.7949999999999999,
    "TP": 319,
    "TN": 317,
    "FP": 83,
    "FN": 81
}