{
    "accuracy": 0.57125,
    "precision": 0.5524861878453039,
    "recall": 0.75,
    "f1": 0.6362672322375398,
    "roc_auc": 0.57125,
    "TP": 300,
    "TN": 157,
    "FP": 243,
    "FN": 100
}