{
    "accuracy": 0.5725,
    "precision": 0.5472312703583062,
    "recall": 0.84,
    "f1": 0.6627218934911243,
    "roc_auc": 0.5725,
    "TP": 336,
    "TN": 122,
    "FP": 278,
    "FN": 64
}