{
    "accuracy": 0.79,
    "precision": 0.7815533980582524,
    "recall": 0.805,
    "f1": 0.7931034482758621,
    "roc_auc": 0.79,
    "TP": 322,
    "TN": 310,
    "FP": 90,
    "FN": 78
}