{
    "accuracy": 0.7725,
    "precision": 0.7595238095238095,
    "recall": 0.7975,
    "f1": 0.7780487804878049,
    "roc_auc": 0.7725,
    "TP": 319,
    "TN": 299,
    "FP": 101,
    "FN": 81
}