{
    "accuracy": 0.585,
    "precision": 0.5748898678414097,
    "recall": 0.6525,
    "f1": 0.6112412177985949,
    "roc_auc": 0.585,
    "TP": 261,
    "TN": 207,
    "FP": 193,
    "FN": 139
}