{
    "accuracy": 0.60125,
    "precision": 0.5780346820809249,
    "recall": 0.75,
    "f1": 0.6528835690968444,
    "roc_auc": 0.6012500000000001,
    "TP": 300,
    "TN": 181,
    "FP": 219,
    "FN": 100
}