{
    "accuracy": 0.79625,
    "precision": 0.7925925925925926,
    "recall": 0.8025,
    "f1": 0.7975155279503106,
    "roc_auc": 0.79625,
    "TP": 321,
    "TN": 316,
    "FP": 84,
    "FN": 79
}