{
    "accuracy": 0.59625,
    "precision": 0.5790554414784395,
    "recall": 0.705,
    "f1": 0.6358511837655016,
    "roc_auc": 0.59625,
    "TP": 282,
    "TN": 195,
    "FP": 205,
    "FN": 118
}