{
    "accuracy": 0.79,
    "precision": 0.7788461538461539,
    "recall": 0.81,
    "f1": 0.7941176470588235,
    "roc_auc": 0.79,
    "TP": 324,
    "TN": 308,
    "FP": 92,
    "FN": 76
}