{
    "accuracy": 0.58125,
    "precision": 0.565922920892495,
    "recall": 0.6975,
    "f1": 0.6248600223964166,
    "roc_auc": 0.5812499999999999,
    "TP": 279,
    "TN": 186,
    "FP": 214,
    "FN": 121
}