{
    "accuracy": 0.795,
    "precision": 0.785024154589372,
    "recall": 0.8125,
    "f1": 0.7985257985257985,
    "roc_auc": 0.7949999999999999,
    "TP": 325,
    "TN": 311,
    "FP": 89,
    "FN": 75
}