{
    "accuracy": 0.76625,
    "precision": 0.7566265060240964,
    "recall": 0.785,
    "f1": 0.7705521472392638,
    "roc_auc": 0.7662500000000001,
    "TP": 314,
    "TN": 299,
    "FP": 101,
    "FN": 86
}