{
    "accuracy": 0.80375,
    "precision": 0.7985257985257985,
    "recall": 0.8125,
    "f1": 0.80545229244114,
    "roc_auc": 0.80375,
    "TP": 325,
    "TN": 318,
    "FP": 82,
    "FN": 75
}