{
    "accuracy": 0.78875,
    "precision": 0.7796610169491526,
    "recall": 0.805,
    "f1": 0.7921279212792128,
    "roc_auc": 0.78875,
    "TP": 322,
    "TN": 309,
    "FP": 91,
    "FN": 78
}