{
    "accuracy": 0.80625,
    "precision": 0.7995110024449877,
    "recall": 0.8175,
    "f1": 0.8084054388133498,
    "roc_auc": 0.80625,
    "TP": 327,
    "TN": 318,
    "FP": 82,
    "FN": 73
}