{
    "accuracy": 0.78625,
    "precision": 0.7681498829039812,
    "recall": 0.82,
    "f1": 0.7932285368802902,
    "roc_auc": 0.7862499999999999,
    "TP": 328,
    "TN": 301,
    "FP": 99,
    "FN": 72
}