{
    "accuracy": 0.79125,
    "precision": 0.7754137115839244,
    "recall": 0.82,
    "f1": 0.7970838396111786,
    "roc_auc": 0.7912499999999999,
    "TP": 328,
    "TN": 305,
    "FP": 95,
    "FN": 72
}