{
    "accuracy": 0.55875,
    "precision": 0.5356600910470409,
    "recall": 0.8825,
    "f1": 0.6666666666666666,
    "roc_auc": 0.55875,
    "TP": 353,
    "TN": 94,
    "FP": 306,
    "FN": 47
}