{
    "accuracy": 0.585,
    "precision": 0.572961373390558,
    "recall": 0.6675,
    "f1": 0.6166281755196305,
    "roc_auc": 0.585,
    "TP": 267,
    "TN": 201,
    "FP": 199,
    "FN": 133
}