{
    "accuracy": 0.78125,
    "precision": 0.7723970944309927,
    "recall": 0.7975,
    "f1": 0.7847478474784748,
    "roc_auc": 0.78125,
    "TP": 319,
    "TN": 306,
    "FP": 94,
    "FN": 81
}