{
    "accuracy": 0.785,
    "precision": 0.7766990291262136,
    "recall": 0.8,
    "f1": 0.7881773399014779,
    "roc_auc": 0.785,
    "TP": 320,
    "TN": 308,
    "FP": 92,
    "FN": 80
}