{
    "accuracy": 0.57625,
    "precision": 0.5623721881390593,
    "recall": 0.6875,
    "f1": 0.6186726659167604,
    "roc_auc": 0.57625,
    "TP": 275,
    "TN": 186,
    "FP": 214,
    "FN": 125
}