{
    "accuracy": 0.5925,
    "precision": 0.5783898305084746,
    "recall": 0.6825,
    "f1": 0.6261467889908257,
    "roc_auc": 0.5924999999999999,
    "TP": 273,
    "TN": 201,
    "FP": 199,
    "FN": 127
}