{
    "accuracy": 0.5725,
    "precision": 0.5582329317269076,
    "recall": 0.695,
    "f1": 0.6191536748329621,
    "roc_auc": 0.5724999999999999,
    "TP": 278,
    "TN": 180,
    "FP": 220,
    "FN": 122
}