{
    "accuracy": 0.5875,
    "precision": 0.5636363636363636,
    "recall": 0.775,
    "f1": 0.6526315789473685,
    "roc_auc": 0.5874999999999999,
    "TP": 310,
    "TN": 160,
    "FP": 240,
    "FN": 90
}