{
    "accuracy": 0.8,
    "precision": 0.7830188679245284,
    "recall": 0.83,
    "f1": 0.8058252427184466,
    "roc_auc": 0.8,
    "TP": 332,
    "TN": 308,
    "FP": 92,
    "FN": 68
}