{
    "accuracy": 0.565,
    "precision": 0.5414012738853503,
    "recall": 0.85,
    "f1": 0.6614785992217899,
    "roc_auc": 0.5650000000000001,
    "TP": 340,
    "TN": 112,
    "FP": 288,
    "FN": 60
}