{
    "accuracy": 0.5775,
    "precision": 0.560077519379845,
    "recall": 0.7225,
    "f1": 0.631004366812227,
    "roc_auc": 0.5775,
    "TP": 289,
    "TN": 173,
    "FP": 227,
    "FN": 111
}