{
    "accuracy": 0.8,
    "precision": 0.7884615384615384,
    "recall": 0.82,
    "f1": 0.803921568627451,
    "roc_auc": 0.7999999999999999,
    "TP": 328,
    "TN": 312,
    "FP": 88,
    "FN": 72
}