{
    "accuracy": 0.8,
    "precision": 0.7926829268292683,
    "recall": 0.8125,
    "f1": 0.8024691358024691,
    "roc_auc": 0.7999999999999999,
    "TP": 325,
    "TN": 315,
    "FP": 85,
    "FN": 75
}