{
    "accuracy": 0.57125,
    "precision": 0.5460420032310178,
    "recall": 0.845,
    "f1": 0.6633954857703631,
    "roc_auc": 0.57125,
    "TP": 338,
    "TN": 119,
    "FP": 281,
    "FN": 62
}