{
    "accuracy": 0.7875,
    "precision": 0.7751196172248804,
    "recall": 0.81,
    "f1": 0.7921760391198044,
    "roc_auc": 0.7875000000000001,
    "TP": 324,
    "TN": 306,
    "FP": 94,
    "FN": 76
}