{
    "accuracy": 0.78625,
    "precision": 0.7799511002444988,
    "recall": 0.7975,
    "f1": 0.788627935723115,
    "roc_auc": 0.7862499999999999,
    "TP": 319,
    "TN": 310,
    "FP": 90,
    "FN": 81
}