{
    "accuracy": 0.595,
    "precision": 0.5798319327731093,
    "recall": 0.69,
    "f1": 0.6301369863013698,
    "roc_auc": 0.595,
    "TP": 276,
    "TN": 200,
    "FP": 200,
    "FN": 124
}