{
    "accuracy": 0.555,
    "precision": 0.5347003154574133,
    "recall": 0.8475,
    "f1": 0.655705996131528,
    "roc_auc": 0.5549999999999999,
    "TP": 339,
    "TN": 105,
    "FP": 295,
    "FN": 61
}