{
    "accuracy": 0.5825,
    "precision": 0.5733333333333334,
    "recall": 0.645,
    "f1": 0.6070588235294118,
    "roc_auc": 0.5825,
    "TP": 258,
    "TN": 208,
    "FP": 192,
    "FN": 142
}