{
    "accuracy": 0.7925,
    "precision": 0.7896039603960396,
    "recall": 0.7975,
    "f1": 0.7935323383084577,
    "roc_auc": 0.7925,
    "TP": 319,
    "TN": 315,
    "FP": 85,
    "FN": 81
}