{
    "accuracy": 0.58125,
    "precision": 0.5684210526315789,
    "recall": 0.675,
    "f1": 0.6171428571428571,
    "roc_auc": 0.58125,
    "TP": 270,
    "TN": 195,
    "FP": 205,
    "FN": 130
}