{
    "accuracy": 0.55625,
    "precision": 0.5334323922734027,
    "recall": 0.8975,
    "f1": 0.6691519105312209,
    "roc_auc": 0.55625,
    "TP": 359,
    "TN": 86,
    "FP": 314,
    "FN": 41
}