{
    "accuracy": 0.79875,
    "precision": 0.7852028639618138,
    "recall": 0.8225,
    "f1": 0.8034188034188035,
    "roc_auc": 0.7987500000000001,
    "TP": 329,
    "TN": 310,
    "FP": 90,
    "FN": 71
}