{
    "accuracy": 0.785,
    "precision": 0.7714285714285715,
    "recall": 0.81,
    "f1": 0.7902439024390244,
    "roc_auc": 0.7850000000000001,
    "TP": 324,
    "TN": 304,
    "FP": 96,
    "FN": 76
}