{
    "accuracy": 0.5625,
    "precision": 0.5378787878787878,
    "recall": 0.8875,
    "f1": 0.6698113207547169,
    "roc_auc": 0.5625,
    "TP": 355,
    "TN": 95,
    "FP": 305,
    "FN": 45
}