{
    "accuracy": 0.58,
    "precision": 0.5521172638436482,
    "recall": 0.8475,
    "f1": 0.6686390532544378,
    "roc_auc": 0.5800000000000001,
    "TP": 339,
    "TN": 125,
    "FP": 275,
    "FN": 61
}