{
    "n_estimators": 398,
    "max_depth": 6,
    "learning_rate": 0.21540531205761446,
    "gamma": 0.6883673053927919
}