{
    "n_estimators": 899,
    "max_depth": 7,
    "learning_rate": 0.27844051369277595,
    "gamma": 0.7054031498273747
}