{
    "n_estimators": 425,
    "max_depth": 7,
    "learning_rate": 0.22441773351871933,
    "gamma": 0.892855270774259
}