{
    "n_estimators": 109,
    "max_depth": 6,
    "learning_rate": 0.26961050747448256,
    "gamma": 0.42461935427108777
}