{
    "n_estimators": 206,
    "max_depth": 9,
    "learning_rate": 0.02341992066698382,
    "gamma": 0.6737628350766182
}