{
    "n_estimators": 864,
    "max_depth": 10,
    "learning_rate": 0.09028269828830236,
    "gamma": 0.6013606044935306
}