{
    "n_estimators": 855,
    "max_depth": 5,
    "learning_rate": 0.42481512782515934,
    "gamma": 0.08884902223897038
}