{
    "n_estimators": 270,
    "max_depth": 5,
    "learning_rate": 0.34282269809926086,
    "gamma": 0.8057016457433317
}