{
    "accuracy": 0.5525,
    "precision": 0.5433884297520661,
    "recall": 0.6575,
    "f1": 0.5950226244343891,
    "roc_auc": 0.5525,
    "TP": 263,
    "TN": 179,
    "FP": 221,
    "FN": 137
}