{
    "accuracy": 0.56875,
    "precision": 0.5460636515912898,
    "recall": 0.815,
    "f1": 0.6539618856569709,
    "roc_auc": 0.56875,
    "TP": 326,
    "TN": 129,
    "FP": 271,
    "FN": 74
}