{
    "accuracy": 0.585,
    "precision": 0.5677290836653387,
    "recall": 0.7125,
    "f1": 0.6319290465631929,
    "roc_auc": 0.585,
    "TP": 285,
    "TN": 183,
    "FP": 217,
    "FN": 115
}