{
    "accuracy": 0.77375,
    "precision": 0.771712158808933,
    "recall": 0.7775,
    "f1": 0.7745952677459527,
    "roc_auc": 0.7737499999999999,
    "TP": 311,
    "TN": 308,
    "FP": 92,
    "FN": 89
}