{
    "accuracy": 0.5625,
    "precision": 0.5496031746031746,
    "recall": 0.6925,
    "f1": 0.6128318584070797,
    "roc_auc": 0.5625,
    "TP": 277,
    "TN": 173,
    "FP": 227,
    "FN": 123
}