{
    "accuracy": 0.55375,
    "precision": 0.5437881873727087,
    "recall": 0.6675,
    "f1": 0.5993265993265994,
    "roc_auc": 0.55375,
    "TP": 267,
    "TN": 176,
    "FP": 224,
    "FN": 133
}