{
    "accuracy": 0.7775,
    "precision": 0.7817258883248731,
    "recall": 0.77,
    "f1": 0.7758186397984886,
    "roc_auc": 0.7775000000000001,
    "TP": 308,
    "TN": 314,
    "FP": 86,
    "FN": 92
}