{
    "accuracy": 0.79,
    "precision": 0.7929292929292929,
    "recall": 0.785,
    "f1": 0.7889447236180904,
    "roc_auc": 0.79,
    "TP": 314,
    "TN": 318,
    "FP": 82,
    "FN": 86
}