{
    "accuracy": 0.7725,
    "precision": 0.7671568627450981,
    "recall": 0.7825,
    "f1": 0.7747524752475248,
    "roc_auc": 0.7725,
    "TP": 313,
    "TN": 305,
    "FP": 95,
    "FN": 87
}