{
    "accuracy": 0.7825,
    "precision": 0.7853535353535354,
    "recall": 0.7775,
    "f1": 0.7814070351758794,
    "roc_auc": 0.7824999999999999,
    "TP": 311,
    "TN": 315,
    "FP": 85,
    "FN": 89
}