{
    "accuracy": 0.5525,
    "precision": 0.5373665480427047,
    "recall": 0.755,
    "f1": 0.6278586278586279,
    "roc_auc": 0.5525,
    "TP": 302,
    "TN": 140,
    "FP": 260,
    "FN": 98
}