{
    "accuracy": 0.78625,
    "precision": 0.789873417721519,
    "recall": 0.78,
    "f1": 0.7849056603773585,
    "roc_auc": 0.78625,
    "TP": 312,
    "TN": 317,
    "FP": 83,
    "FN": 88
}