{
    "accuracy": 0.76,
    "precision": 0.751207729468599,
    "recall": 0.7775,
    "f1": 0.7641277641277642,
    "roc_auc": 0.7599999999999999,
    "TP": 311,
    "TN": 297,
    "FP": 103,
    "FN": 89
}