{
    "accuracy": 0.58625,
    "precision": 0.570264765784114,
    "recall": 0.7,
    "f1": 0.6285072951739619,
    "roc_auc": 0.5862499999999999,
    "TP": 280,
    "TN": 189,
    "FP": 211,
    "FN": 120
}