{
    "accuracy": 0.55375,
    "precision": 0.5360134003350083,
    "recall": 0.8,
    "f1": 0.641925777331996,
    "roc_auc": 0.55375,
    "TP": 320,
    "TN": 123,
    "FP": 277,
    "FN": 80
}