{
    "accuracy": 0.79,
    "precision": 0.7914572864321608,
    "recall": 0.7875,
    "f1": 0.7894736842105263,
    "roc_auc": 0.79,
    "TP": 315,
    "TN": 317,
    "FP": 83,
    "FN": 85
}