{
    "accuracy": 0.78875,
    "precision": 0.7953964194373402,
    "recall": 0.7775,
    "f1": 0.786346396965866,
    "roc_auc": 0.78875,
    "TP": 311,
    "TN": 320,
    "FP": 80,
    "FN": 89
}