{
    "accuracy": 0.56625,
    "precision": 0.5493482309124768,
    "recall": 0.7375,
    "f1": 0.6296691568836713,
    "roc_auc": 0.56625,
    "TP": 295,
    "TN": 158,
    "FP": 242,
    "FN": 105
}