{
    "accuracy": 0.57,
    "precision": 0.5576131687242798,
    "recall": 0.6775,
    "f1": 0.6117381489841986,
    "roc_auc": 0.5700000000000001,
    "TP": 271,
    "TN": 185,
    "FP": 215,
    "FN": 129
}