{
    "accuracy": 0.565,
    "precision": 0.555793991416309,
    "recall": 0.6475,
    "f1": 0.5981524249422633,
    "roc_auc": 0.565,
    "TP": 259,
    "TN": 193,
    "FP": 207,
    "FN": 141
}