{
    "accuracy": 0.55125,
    "precision": 0.53198127925117,
    "recall": 0.8525,
    "f1": 0.6551392891450528,
    "roc_auc": 0.55125,
    "TP": 341,
    "TN": 100,
    "FP": 300,
    "FN": 59
}