{
    "accuracy": 0.56875,
    "precision": 0.5533980582524272,
    "recall": 0.7125,
    "f1": 0.6229508196721312,
    "roc_auc": 0.5687500000000001,
    "TP": 285,
    "TN": 170,
    "FP": 230,
    "FN": 115
}