{
    "accuracy": 0.78125,
    "precision": 0.7750611246943765,
    "recall": 0.7925,
    "f1": 0.7836835599505563,
    "roc_auc": 0.78125,
    "TP": 317,
    "TN": 308,
    "FP": 92,
    "FN": 83
}