{
    "accuracy": 0.775,
    "precision": 0.7736318407960199,
    "recall": 0.7775,
    "f1": 0.7755610972568578,
    "roc_auc": 0.7749999999999999,
    "TP": 311,
    "TN": 309,
    "FP": 91,
    "FN": 89
}