{
    "accuracy": 0.76375,
    "precision": 0.7657430730478589,
    "recall": 0.76,
    "f1": 0.7628607277289837,
    "roc_auc": 0.76375,
    "TP": 304,
    "TN": 307,
    "FP": 93,
    "FN": 96
}