{
    "accuracy": 0.55875,
    "precision": 0.5498938428874734,
    "recall": 0.6475,
    "f1": 0.5947187141216992,
    "roc_auc": 0.55875,
    "TP": 259,
    "TN": 188,
    "FP": 212,
    "FN": 141
}