{
    "accuracy": 0.58125,
    "precision": 0.5690021231422505,
    "recall": 0.67,
    "f1": 0.6153846153846154,
    "roc_auc": 0.58125,
    "TP": 268,
    "TN": 197,
    "FP": 203,
    "FN": 132
}