{
    "accuracy": 0.58875,
    "precision": 0.5728952772073922,
    "recall": 0.6975,
    "f1": 0.629086809470124,
    "roc_auc": 0.58875,
    "TP": 279,
    "TN": 192,
    "FP": 208,
    "FN": 121
}