{
    "accuracy": 0.76375,
    "precision": 0.7684478371501272,
    "recall": 0.755,
    "f1": 0.7616645649432535,
    "roc_auc": 0.7637499999999999,
    "TP": 302,
    "TN": 309,
    "FP": 91,
    "FN": 98
}