{
    "accuracy": 0.7775,
    "precision": 0.7668269230769231,
    "recall": 0.7975,
    "f1": 0.7818627450980392,
    "roc_auc": 0.7775,
    "TP": 319,
    "TN": 303,
    "FP": 97,
    "FN": 81
}