{
    "accuracy": 0.78,
    "precision": 0.7692307692307693,
    "recall": 0.8,
    "f1": 0.7843137254901961,
    "roc_auc": 0.78,
    "TP": 320,
    "TN": 304,
    "FP": 96,
    "FN": 80
}