{
    "accuracy": 0.5275,
    "precision": 0.516566265060241,
    "recall": 0.8575,
    "f1": 0.6447368421052632,
    "roc_auc": 0.5275000000000001,
    "TP": 343,
    "TN": 79,
    "FP": 321,
    "FN": 57
}