{
    "accuracy": 0.765,
    "precision": 0.7548076923076923,
    "recall": 0.785,
    "f1": 0.7696078431372549,
    "roc_auc": 0.765,
    "TP": 314,
    "TN": 298,
    "FP": 102,
    "FN": 86
}