{
    "accuracy": 0.77375,
    "precision": 0.7800511508951407,
    "recall": 0.7625,
    "f1": 0.7711757269279393,
    "roc_auc": 0.77375,
    "TP": 305,
    "TN": 314,
    "FP": 86,
    "FN": 95
}