{
    "accuracy": 0.53875,
    "precision": 0.5271453590192644,
    "recall": 0.7525,
    "f1": 0.619979402677652,
    "roc_auc": 0.53875,
    "TP": 301,
    "TN": 130,
    "FP": 270,
    "FN": 99
}