{
    "accuracy": 0.5575,
    "precision": 0.537828947368421,
    "recall": 0.8175,
    "f1": 0.6488095238095238,
    "roc_auc": 0.5575,
    "TP": 327,
    "TN": 119,
    "FP": 281,
    "FN": 73
}