{
    "accuracy": 0.545,
    "precision": 0.538135593220339,
    "recall": 0.635,
    "f1": 0.5825688073394495,
    "roc_auc": 0.5449999999999999,
    "TP": 254,
    "TN": 182,
    "FP": 218,
    "FN": 146
}