{
    "accuracy": 0.55375,
    "precision": 0.533751962323391,
    "recall": 0.85,
    "f1": 0.6557377049180327,
    "roc_auc": 0.55375,
    "TP": 340,
    "TN": 103,
    "FP": 297,
    "FN": 60
}