{
    "accuracy": 0.76875,
    "precision": 0.7628361858190709,
    "recall": 0.78,
    "f1": 0.7713226205191595,
    "roc_auc": 0.76875,
    "TP": 312,
    "TN": 303,
    "FP": 97,
    "FN": 88
}