{
    "accuracy": 0.565,
    "precision": 0.5541666666666667,
    "recall": 0.665,
    "f1": 0.6045454545454545,
    "roc_auc": 0.565,
    "TP": 266,
    "TN": 186,
    "FP": 214,
    "FN": 134
}