{
    "accuracy": 0.77125,
    "precision": 0.7639902676399026,
    "recall": 0.785,
    "f1": 0.7743526510480888,
    "roc_auc": 0.7712500000000001,
    "TP": 314,
    "TN": 303,
    "FP": 97,
    "FN": 86
}