{
    "accuracy": 0.7725,
    "precision": 0.7645631067961165,
    "recall": 0.7875,
    "f1": 0.7758620689655172,
    "roc_auc": 0.7725000000000001,
    "TP": 315,
    "TN": 303,
    "FP": 97,
    "FN": 85
}