{
    "accuracy": 0.55,
    "precision": 0.5328947368421053,
    "recall": 0.81,
    "f1": 0.6428571428571429,
    "roc_auc": 0.55,
    "TP": 324,
    "TN": 116,
    "FP": 284,
    "FN": 76
}