{
    "accuracy": 0.57125,
    "precision": 0.5602536997885835,
    "recall": 0.6625,
    "f1": 0.6071019473081328,
    "roc_auc": 0.57125,
    "TP": 265,
    "TN": 192,
    "FP": 208,
    "FN": 135
}