{
    "accuracy": 0.7825,
    "precision": 0.7868020304568528,
    "recall": 0.775,
    "f1": 0.7808564231738035,
    "roc_auc": 0.7825,
    "TP": 310,
    "TN": 316,
    "FP": 84,
    "FN": 90
}