{
    "accuracy": 0.56875,
    "precision": 0.5466893039049237,
    "recall": 0.805,
    "f1": 0.6511627906976745,
    "roc_auc": 0.5687500000000001,
    "TP": 322,
    "TN": 133,
    "FP": 267,
    "FN": 78
}