{
    "accuracy": 0.75625,
    "precision": 0.7481840193704601,
    "recall": 0.7725,
    "f1": 0.7601476014760148,
    "roc_auc": 0.75625,
    "TP": 309,
    "TN": 296,
    "FP": 104,
    "FN": 91
}