{
    "accuracy": 0.57375,
    "precision": 0.5537340619307832,
    "recall": 0.76,
    "f1": 0.6406743940990516,
    "roc_auc": 0.57375,
    "TP": 304,
    "TN": 155,
    "FP": 245,
    "FN": 96
}