{
    "accuracy": 0.77375,
    "precision": 0.7786259541984732,
    "recall": 0.765,
    "f1": 0.7717528373266078,
    "roc_auc": 0.7737499999999999,
    "TP": 306,
    "TN": 313,
    "FP": 87,
    "FN": 94
}