{
    "accuracy": 0.56125,
    "precision": 0.541038525963149,
    "recall": 0.8075,
    "f1": 0.6479438314944834,
    "roc_auc": 0.56125,
    "TP": 323,
    "TN": 126,
    "FP": 274,
    "FN": 77
}