{
    "accuracy": 0.765,
    "precision": 0.7585365853658537,
    "recall": 0.7775,
    "f1": 0.7679012345679013,
    "roc_auc": 0.7649999999999999,
    "TP": 311,
    "TN": 301,
    "FP": 99,
    "FN": 89
}