{
    "accuracy": 0.5825,
    "precision": 0.5673469387755102,
    "recall": 0.695,
    "f1": 0.6247191011235955,
    "roc_auc": 0.5824999999999999,
    "TP": 278,
    "TN": 188,
    "FP": 212,
    "FN": 122
}