{
    "accuracy": 0.7675,
    "precision": 0.7609756097560976,
    "recall": 0.78,
    "f1": 0.7703703703703704,
    "roc_auc": 0.7675000000000001,
    "TP": 312,
    "TN": 302,
    "FP": 98,
    "FN": 88
}