{
    "accuracy": 0.7425,
    "precision": 0.7342995169082126,
    "recall": 0.76,
    "f1": 0.7469287469287469,
    "roc_auc": 0.7425,
    "TP": 304,
    "TN": 290,
    "FP": 110,
    "FN": 96
}