{
    "accuracy": 0.545,
    "precision": 0.528125,
    "recall": 0.845,
    "f1": 0.65,
    "roc_auc": 0.5449999999999999,
    "TP": 338,
    "TN": 98,
    "FP": 302,
    "FN": 62
}