metric,seed,k,classifier,negative_type,accuracy,precision,recall,f1,roc_auc
accuracy,7,4,cb,random,0.80625,0.7995110024449877,0.8175,0.8084054388133498,0.80625
precision,7,4,cb,random,0.80625,0.7995110024449877,0.8175,0.8084054388133498,0.80625
recall,2,4,rf,auto,0.55625,0.5334323922734027,0.8975,0.6691519105312209,0.55625
f1,7,4,cb,random,0.80625,0.7995110024449877,0.8175,0.8084054388133498,0.80625
roc_auc,7,4,cb,random,0.80625,0.7995110024449877,0.8175,0.8084054388133498,0.80625
