{
    "n_estimators": 550,
    "max_depth": 8,
    "learning_rate": 0.3053540542751055,
    "gamma": 0.5494343511669278
}