{
    "accuracy": 0.7625,
    "precision": 0.75,
    "recall": 0.7875,
    "f1": 0.7682926829268293,
    "roc_auc": 0.7625000000000001,
    "TP": 315,
    "TN": 295,
    "FP": 105,
    "FN": 85
}