{
    "accuracy": 0.575,
    "precision": 0.5458715596330275,
    "recall": 0.8925,
    "f1": 0.6774193548387096,
    "roc_auc": 0.575,
    "TP": 357,
    "TN": 103,
    "FP": 297,
    "FN": 43
}