{
    "accuracy": 0.5675,
    "precision": 0.5564853556485355,
    "recall": 0.665,
    "f1": 0.6059225512528473,
    "roc_auc": 0.5675,
    "TP": 266,
    "TN": 188,
    "FP": 212,
    "FN": 134
}