{
    "accuracy": 0.7725,
    "precision": 0.7632850241545893,
    "recall": 0.79,
    "f1": 0.7764127764127764,
    "roc_auc": 0.7725,
    "TP": 316,
    "TN": 302,
    "FP": 98,
    "FN": 84
}