{
    "accuracy": 0.78,
    "precision": 0.7641509433962265,
    "recall": 0.81,
    "f1": 0.7864077669902912,
    "roc_auc": 0.78,
    "TP": 324,
    "TN": 300,
    "FP": 100,
    "FN": 76
}