{
    "accuracy": 0.57125,
    "precision": 0.5566600397614314,
    "recall": 0.7,
    "f1": 0.6201550387596899,
    "roc_auc": 0.57125,
    "TP": 280,
    "TN": 177,
    "FP": 223,
    "FN": 120
}